{"cameraMode":{"drawMode":0,"name":"Shaded","section":"Shading Mode"},"sceneLighting":true,"audioPlay":false,"sceneViewState":{"showFog":true,"showMaterialUpdate":false,"showSkybox":true,"showFlares":true,"showImageEffects":true,"showParticleSystems":true},"in2DMode":false,"pivot":{"x":404.9324645996094,"y":275.0459899902344,"z":-366.05682373046877},"rotation":{"x":-0.08752535283565521,"y":0.07671916484832764,"z":-0.006760806776583195,"w":-0.9931806921958923},"size":329.40777587890627,"orthographic":false}