{"cameraMode":{"drawMode":0,"name":"Shaded","section":"Shading Mode"},"sceneLighting":true,"audioPlay":false,"sceneViewState":{"showFog":true,"showMaterialUpdate":false,"showSkybox":true,"showFlares":true,"showImageEffects":true,"showParticleSystems":true},"in2DMode":false,"pivot":{"x":-0.10621264576911926,"y":0.14018939435482026,"z":0.16286307573318482},"rotation":{"x":-0.021658167243003846,"y":-0.9689594507217407,"z":0.09184013307094574,"w":-0.22850359976291657},"size":0.4204138517379761,"orthographic":false}