{"cameraMode":{"drawMode":0,"name":"Shaded","section":"Shading Mode"},"sceneLighting":false,"audioPlay":false,"sceneViewState":{"showFog":true,"showMaterialUpdate":false,"showSkybox":true,"showFlares":true,"showImageEffects":true,"showParticleSystems":true},"in2DMode":false,"pivot":{"x":-0.028061918914318086,"y":0.6447254419326782,"z":-0.04541223496198654},"rotation":{"x":-0.017394330352544786,"y":0.021587910130620004,"z":-0.00037548248656094074,"w":-0.9996156096458435},"size":2.6593263149261476,"orthographic":false}